id	name	description
1	SGVkb3I=	RGViaWRvIGFsIG1hbCBvbG9yIHF1ZSBlbWFuYSwgYWwgYXRhY2FyIGFsIHJpdmFsIHB1ZWRlCmhhY2VybG8gcmV0cm9jZWRlci4=
2	TGxvdml6bmE=	SGFjZSBxdWUgbGx1ZXZhIGN1YW5kbyBlbnRyYSBlbiBjb21iYXRlLg==
3	SW1wdWxzbw==	QXVtZW50YSBsYSBWZWxvY2lkYWQgZW4gY2FkYSB0dXJuby4=
4	QXJtYWR1cmEgQmF0YWxsYQ==	TGEgcm9idXN0YSBjb3JhemEgcXVlIGxvIHByb3RlZ2UgYmxvcXVlYSBsb3MgZ29scGVzCmNyw610aWNvcy4=
5	Um9idXN0ZXo=	RXZpdGEgcXVlIGVsIHJpdmFsIHB1ZWRhIGRlYmlsaXRhcmxvIGRlIHVuIHNvbG8gZ29scGUKY3VhbmRvIHRpZW5lIGxvcyBQUyBhbCBtw6F4aW1vLgpUYW1iacOpbiBhbnVsYSBsb3MgbW92aW1pZW50b3MgZnVsbWluYW50ZXMu
6	SHVtZWRhZA==	QXVtZW50YSBsYSBodW1lZGFkIGRlbCBlbnRvcm5vIHkgZXZpdGEgcXVlIHNlCnB1ZWRhbiB1dGlsaXphciBtb3ZpbWllbnRvcyBleHBsb3Npdm9zLCB0YWxlcyBjb21vCkF1dG9kZXN0cnVjY2nDs24u
7	RmxleGliaWxpZGFk	RXZpdGEgc2VyIHBhcmFsaXphZG8gZ3JhY2lhcyBhIGxhIGZsZXhpYmlsaWRhZCBkZSBzdQpjdWVycG8u
8	VmVsbyBBcmVuYQ==	QXVtZW50YSBsYSBFdmFzacOzbiBkdXJhbnRlIGxhcyB0b3JtZW50YXMgZGUgYXJlbmEu
9	RWxlY3RyaWNpZGFkIEVzdMOhdGljYQ==	TGEgZWxlY3RyaWNpZGFkIGVzdMOhdGljYSBxdWUgbG8gZW52dWVsdmUgcHVlZGUKcGFyYWxpemFyIGFsIG3DrW5pbW8gY29udGFjdG8u
10	QWJzb3JiZSBFbGVjdHJpY2lkYWQ=	U2kgbGUgYWxjYW56YSB1biBtb3ZpbWllbnRvIGRlIHRpcG8gRWzDqWN0cmljbywKcmVjdXBlcmEgUFMgZW4gdmV6IGRlIHN1ZnJpciBkYcOxby4=
11	QWJzb3JiZSBBZ3Vh	U2kgbGUgYWxjYW56YSB1biBtb3ZpbWllbnRvIGRlIHRpcG8gQWd1YSwKcmVjdXBlcmEgUFMgZW4gdmV6IGRlIHN1ZnJpciBkYcOxby4=
12	RGVzcGlzdGU=	TGEgaW5kaWZlcmVuY2lhIGRlbCBQb2vDqW1vbiBldml0YSBxdWUgc2VhCmF0cmHDrWRvIG8gcHJvdm9jYWRvLg==
13	QWNsaW1hdGFjacOzbg==	QW51bGEgdG9kb3MgbG9zIGVmZWN0b3MgZGVsIHRpZW1wbyBhdG1vc2bDqXJpY28u
14	T2pvIENvbXB1ZXN0bw==	QXVtZW50YSBsYSBwcmVjaXNpw7NuIGRlIHN1cyBtb3ZpbWllbnRvcy4=
15	SW5zb21uaW8=	U3UgcmVzaXN0ZW5jaWEgYWwgc3Vlw7FvIGxlIGltcGlkZSBxdWVkYXJzZSBkb3JtaWRvLg==
16	Q2FtYmlvIENvbG9y	QWRvcHRhIGVsIHRpcG8gZGVsIMO6bHRpbW8gbW92aW1pZW50byBkZWwgcXVlIHNlIGVzCmJsYW5jby4=
17	SW5tdW5pZGFk	U3Ugc2lzdGVtYSBpbm11bml0YXJpbyBldml0YSBlbCBlbnZlbmVuYW1pZW50by4=
18	QWJzb3JiZSBGdWVnbw==	U2kgbGUgYWxjYW56YSBhbGfDum4gbW92aW1pZW50byBkZSB0aXBvIEZ1ZWdvLApwb3RlbmNpYSBzdXMgcHJvcGlvcyBtb3ZpbWllbnRvcyBkZSBkaWNobyB0aXBvLg==
19	UG9sdm8gRXNjdWRv	RWwgcG9sdm8gZGUgZXNjYW1hcyBxdWUgbG8gZW52dWVsdmUgbG8gcHJvdGVnZSBkZQpsb3MgZWZlY3RvcyBzZWN1bmRhcmlvcyBkZSBsb3MgYXRhcXVlcyByZWNpYmlkb3Mu
20	Uml0bW8gUHJvcGlv	Q29tbyBsZSBndXN0YSBoYWNlciBsYXMgY29zYXMgYSBzdSBtYW5lcmEsIGxvcwpyaXZhbGVzIG5vIGxvZ3JhbiBjb25mdW5kaXJsby4=
21	VmVudG9zYXM=	U3VzIHZlbnRvc2FzIHNlIGFmZXJyYW4gYWwgc3VlbG8sIGNvbiBsbyBjdWFsIGFudWxhCm1vdmltaWVudG9zIHkgb2JqZXRvcyBxdWUgZnVlcnphbiBlbCByZWxldm8u
22	SW50aW1pZGFjacOzbg==	QWwgZW50cmFyIGVuIGNvbWJhdGUgYW1pbGFuYSBhbCByaXZhbCBkZSB0YWwgbWFuZXJhCnF1ZSBzdSBBdGFxdWUgZGlzbWludXllLg==
23	U29tYnJhIFRyYW1wYQ==	RXZpdGEgcXVlIGVsIGVuZW1pZ28gaHV5YSBvIHNlYSBjYW1iaWFkbyBwb3Igb3Ryby4=
24	UGllbCBUb3NjYQ==	SGllcmUgY29uIHN1IHBpZWwgw6FzcGVyYSBhbCByaXZhbCBxdWUgbG8gYXRhcXVlIGNvbiB1bgptb3ZpbWllbnRvIGRlIGNvbnRhY3RvLg==
25	U3VwZXJndWFyZGE=	R3JhY2lhcyBhIHVuIHBvZGVyIG1pc3Rlcmlvc28sIHNvbG8gbGUgaGFjZW4gZGHDsW8gbG9zCm1vdmltaWVudG9zIHN1cGVyZWZpY2FjZXMu
26	TGV2aXRhY2nDs24=	U3UgY2FwYWNpZGFkIGRlIGZsb3RhciBzb2JyZSBlbCBzdWVsbyBsZSBwcm9wb3JjaW9uYQppbm11bmlkYWQgZnJlbnRlIGEgbG9zIG1vdmltaWVudG9zIGRlIHRpcG8gVGllcnJhLg==
27	RWZlY3RvIEVzcG9yYQ==	UHVlZGUgZG9ybWlyLCBlbnZlbmVuYXIgbyBwYXJhbGl6YXIgYWwgUG9rw6ltb24gY29uCmVsIHF1ZSBlbnRyZSBlbiBjb250YWN0byBhbCByZWNpYmlyIHVuIGF0YXF1ZS4=
28	U2luY3JvbsOtYQ==	Q29udGFnaWEgZWwgZW52ZW5lbmFtaWVudG8sIGxhcyBxdWVtYWR1cmFzIG8gbGEKcGFyw6FsaXNpcyBhbCBQb2vDqW1vbiBxdWUgbGUgY2F1c2UgZXNlIGVzdGFkby4=
29	Q3VlcnBvIFB1cm8=	RXZpdGEgcXVlIGJhamVuIHN1cyBjYXJhY3RlcsOtc3RpY2FzIGEgY2F1c2EgZGUKbW92aW1pZW50b3MgbyBoYWJpbGlkYWRlcyBkZSBvdHJvcyBQb2vDqW1vbi4=
30	Q3VyYSBOYXR1cmFs	Q3VyYSBwcm9ibGVtYXMgZGUgZXN0YWRvIGFsIGNhbWJpYXIgZGUgUG9rw6ltb24u
31	UGFyYXJyYXlvcw==	QWRlbcOhcyBkZSBhdHJhZXIgeSBuZXV0cmFsaXphciBsb3MgbW92aW1pZW50b3MgZGUKdGlwbyBFbMOpY3RyaWNvLCBzdWJlIGVsIEF0YXF1ZSBFc3BlY2lhbC4=
32	RGljaGE=	QXVtZW50YSBsYSBwcm9iYWJpbGlkYWQgZGUgcXVlIGxvcyBtb3ZpbWllbnRvcwpjYXVzZW4gZWZlY3RvcyBzZWN1bmRhcmlvcy4=
33	TmFkbyBSw6FwaWRv	U3ViZSBsYSBWZWxvY2lkYWQgY3VhbmRvIGxsdWV2ZS4=
34	Q2xvcm9maWxh	U3ViZSBsYSBWZWxvY2lkYWQgY3VhbmRvIGhhY2Ugc29sLg==
35	SWx1bWluYWNpw7Nu	QXVtZW50YSBsYSBwcm9iYWJpbGlkYWQgZGUgZW5jb250cmFyIFBva8OpbW9uIGFsCmF1bWVudGFyIGxhIHZpc2liaWxpZGFkIGRlbCBlbnRvcm5vLg==
36	Q2FsY28=	QWwgZW50cmFyIGVuIGNvbWJhdGUgY29waWEgbGEgaGFiaWxpZGFkIGRlbCByaXZhbC4=
37	UG90ZW5jaWE=	RHVwbGljYSBsYSBwb3RlbmNpYSBkZSBsb3MgYXRhcXVlcyBmw61zaWNvcy4=
38	UHVudG8gVMOzeGljbw==	UHVlZGUgZW52ZW5lbmFyIGFsIG3DrW5pbW8gY29udGFjdG8u
39	RnVlcnphIE1lbnRhbA==	R3JhY2lhcyBhIHN1IHByb2Z1bmRhIGNvbmNlbnRyYWNpw7NuLCBubyByZXRyb2NlZGUKYW50ZSBsb3MgYXRhcXVlcyBkZWwgcml2YWwu
40	RXNjdWRvIE1hZ21h	R3JhY2lhcyBhbCBtYWdtYSBjYW5kZW50ZSBxdWUgbG8gZW52dWVsdmUsIGV2aXRhIGxhCmNvbmdlbGFjacOzbi4=
41	VmVsbyBBZ3Vh	RXZpdGEgbGFzIHF1ZW1hZHVyYXMgZ3JhY2lhcyBhIGxhIGNhcGEgZGUgYWd1YSBxdWUKbG8gZW52dWVsdmUu
42	SW3DoW4=	U3UgbWFnbmV0aXNtbyBhdHJhZSBhIGxvcyBQb2vDqW1vbiBkZSB0aXBvIEFjZXJvIHkKbGVzIGltcGlkZSBodWlyLg==
43	SW5zb25vcml6YXI=	U3UgYWlzbGFtaWVudG8gYWPDunN0aWNvIGxvIHByb3RlZ2UgZGUgbW92aW1pZW50b3MKcXVlIHVzYW4gc29uaWRvLg==
44	Q3VyYSBMbHV2aWE=	UmVjdXBlcmEgUFMgZGUgZm9ybWEgZ3JhZHVhbCBjdWFuZG8gbGx1ZXZlLg==
45	Q2hvcnJvIEFyZW5h	Q3JlYSB1bmEgdG9ybWVudGEgZGUgYXJlbmEgYWwgZW50cmFyIGVuIGNvbWJhdGUu
46	UHJlc2nDs24=	UHJlc2lvbmEgYWwgcml2YWwgcGFyYSBxdWUgc3VzIFBQIHNlIGFjYWJlbiBhbnRlcy4=
47	U2Vibw==	R3JhY2lhcyBhIGxhIGdydWVzYSBjYXBhIGRlIGdyYXNhIHF1ZSBsbyBwcm90ZWdlLApyZWR1Y2UgYSBsYSBtaXRhZCBlbCBkYcOxbyByZWNpYmlkbyBwb3IgYXRhcXVlcyBkZQp0aXBvIEZ1ZWdvIHkgSGllbG8u
48	TWFkcnVnYXI=	U2kgZWwgUG9rw6ltb24gc2UgZHVlcm1lLCB0YXJkYXLDoSBsYSBtaXRhZCBkZSB0aWVtcG8KZW4gZGVzcGVydGFyc2Uu
49	Q3VlcnBvIExsYW1h	UHVlZGUgcXVlbWFyIGFsIG3DrW5pbW8gY29udGFjdG8u
50	RnVnYQ==	UGVybWl0ZSBlc2NhcGFyIGRlIHRvZG9zIGxvcyBQb2vDqW1vbiBzYWx2YWplcy4=
51	VmlzdGEgTGluY2U=	TGEgYWd1ZGEgdmlzdGEgZGUgZXN0ZSBQb2vDqW1vbiBldml0YSBxdWUgZGlzbWludXlhCnN1IFByZWNpc2nDs24u
52	Q29ydGUgRnVlcnRl	RXZpdGEgcXVlIGVsIHJpdmFsIGxlIGJhamUgZWwgQXRhcXVlLg==
53	UmVjb2dpZGE=	RWwgUG9rw6ltb24gcHVlZGUgcmVjb2dlciBvYmpldG9zIHF1ZSBlbCByaXZhbCBoYXlhCnVzYWRvLCBvIGJpZW4gb3Ryb3MgcXVlIGVuY3VlbnRyZSBlbiBwbGVuYSBhdmVudHVyYS4=
54	QXVzZW50ZQ==	QWwgZWplY3V0YXIgdW4gbW92aW1pZW50bywgZWwgUG9rw6ltb24gZGVzY2Fuc2Fyw6EKZW4gZWwgdHVybm8gc2lndWllbnRlLg==
55	RW50dXNpYXNtbw==	QXVtZW50YSBlbCBBdGFxdWUsIHBlcm8gcmVkdWNlIGxhIFByZWNpc2nDs24u
56	R3JhbiBFbmNhbnRv	RW50cmFyIGVuIGNvbnRhY3RvIGNvbiBlbCBQb2vDqW1vbiBwdWVkZSBjYXVzYXIKZW5hbW9yYW1pZW50by4=
57	TcOhcw==	UG90ZW5jaWEgZWwgQXRhcXVlIEVzcGVjaWFsIHNpIHVuIFBva8OpbW9uIGFsaWFkbwp0aWVuZSBsYSBoYWJpbGlkYWQgTcOhcyBvIE1lbm9zLg==
58	TWVub3M=	UG90ZW5jaWEgZWwgQXRhcXVlIEVzcGVjaWFsIHNpIHVuIFBva8OpbW9uIGFsaWFkbwp0aWVuZSBsYSBoYWJpbGlkYWQgTcOhcyBvIE1lbm9zLg==
59	UHJlZGljY2nDs24=	Q2FtYmlhIGEgdGlwbyBBZ3VhLCBGdWVnbyBvIEhpZWxvIGVuIGZ1bmNpw7NuIGRlbAp0aWVtcG8gYXRtb3Nmw6lyaWNvLg==
60	VmlzY29zaWRhZA==	UHJvdGVnZSBhbCBQb2vDqW1vbiBkZWwgcm9ibyBkZSBvYmpldG9zIGFsIHF1ZWRhcnNlCnBlZ2Fkb3MgYSBzdSBjdWVycG8u
61	TXVkYXI=	RWwgUG9rw6ltb24gcHVlZGUgY3VyYXIgc3VzIHByb2JsZW1hcyBkZSBlc3RhZG8KYWwgbXVkYXIgbGEgcGllbC4=
62	QWdhbGxhcw==	U2kgc3VmcmUgdW4gcHJvYmxlbWEgZGUgZXN0YWRvLCBzZSB2aWVuZSBhcnJpYmEgeQphdW1lbnRhIHN1IEF0YXF1ZS4=
63	RXNjYW1hIEVzcGVjaWFs	U3ViZSBsYSBEZWZlbnNhIHNpIGVsIFBva8OpbW9uIHN1ZnJlIHVuIHByb2JsZW1hIGRlCmVzdGFkby4=
64	TG9kbyBMw61xdWlkbw==	RGViaWRvIGEgc3UgaW50ZW5zbyBoZWRvciwgaGllcmUgYSBsb3MgUG9rw6ltb24gcXVlCmludGVudGFuIGRyZW5hcmxlIGxvcyBQUy4=
65	RXNwZXN1cmE=	UG90ZW5jaWEgbG9zIG1vdmltaWVudG9zIGRlIHRpcG8gUGxhbnRhIGRlbCBQb2vDqW1vbgpjdWFuZG8gbGUgcXVlZGFuIHBvY29zIFBTLg==
66	TWFyIExsYW1hcw==	UG90ZW5jaWEgbG9zIG1vdmltaWVudG9zIGRlIHRpcG8gRnVlZ28gZGVsIFBva8OpbW9uCmN1YW5kbyBsZSBxdWVkYW4gcG9jb3MgUFMu
67	VG9ycmVudGU=	UG90ZW5jaWEgbG9zIG1vdmltaWVudG9zIGRlIHRpcG8gQWd1YSBkZWwgUG9rw6ltb24KY3VhbmRvIGxlIHF1ZWRhbiBwb2NvcyBQUy4=
68	RW5qYW1icmU=	UG90ZW5jaWEgbG9zIG1vdmltaWVudG9zIGRlIHRpcG8gQmljaG8gZGVsIFBva8OpbW9uCmN1YW5kbyBsZSBxdWVkYW4gcG9jb3MgUFMu
69	Q2FiZXphIFJvY2E=	SW1waWRlIHF1ZSBlbCBQb2vDqW1vbiBzZSBkYcOxZSBjb24gc3VzIHByb3Bpb3MKbW92aW1pZW50b3Mu
70	U2VxdcOtYQ==	Q3VhbmRvIGVsIFBva8OpbW9uIGVudHJhIGVuIGNvbWJhdGUsIGVsIHRpZW1wbyBwYXNhCmEgc2VyIHNvbGVhZG8u
71	VHJhbXBhIEFyZW5h	RXZpdGEgcXVlIGVsIHJpdmFsIGh1eWEu
72	RXNww61yaXR1IFZpdGFs	U3UgZGV0ZXJtaW5hY2nDs24gbGUgaW1waWRlIHF1ZWRhcnNlIGRvcm1pZG8u
73	SHVtbyBCbGFuY28=	RWwgaHVtbyBibGFuY28gcXVlIGxvIHByb3RlZ2UgZXZpdGEgcXVlIG90cm8KUG9rw6ltb24gbGUgYmFqZSBsYXMgY2FyYWN0ZXLDrXN0aWNhcy4=
74	RW5lcmfDrWEgUHVyYQ==	RHVwbGljYSBsYSBwb3RlbmNpYSBkZSBsb3MgYXRhcXVlcyBmw61zaWNvcy4=
75	Q2FwYXJhesOzbg==	TGEgcm9idXN0YSBjb3JhemEgcXVlIGxvIHByb3RlZ2UgYmxvcXVlYSBsb3MgZ29scGVzCmNyw610aWNvcy4=
76	QnVjbGUgQWlyZQ==	TmV1dHJhbGl6YSB0b2RvcyBsb3MgZWZlY3RvcyBkZWwgdGllbXBvIGF0bW9zZsOpcmljby4=
77	VHVtYm9z	U3ViZSBsYSBFdmFzacOzbiBzaSBlbCBQb2vDqW1vbiBlc3TDoSBjb25mdXNvLg==
78	RWxlY3Ryb21vdG9y	U2kgbGUgYWxjYW56YSB1biBtb3ZpbWllbnRvIGRlIHRpcG8gRWzDqWN0cmljbywgbGUgc3ViZQpsYSBWZWxvY2lkYWQgZW4gdmV6IGRlIHN1ZnJpciBkYcOxby4=
79	Uml2YWxpZGFk	U2kgZWwgb2JqZXRpdm8gZXMgZGVsIG1pc21vIHNleG8sIHN1IGNvbXBldGl0aXZpZGFkIGxlCmxsZXZhIGEgaW5mbGlnaXIgbcOhcyBkYcOxby4gU2kgZXMgZGVsIHNleG8gY29udHJhcmlvLCBlbgpjYW1iaW8sIGVsIGRhw7FvIHNlcsOhIG1lbm9yLg==
80	SW1wYXNpYmxl	Q2FkYSB2ZXogcXVlIHJldHJvY2VkZSBzdWJlIHN1IFZlbG9jaWRhZCwgZGViaWRvCmEgc3Ugdm9sdW50YWQgaW5xdWVicmFudGFibGUu
81	TWFudG8gTsOtdmVv	U3ViZSBsYSBFdmFzacOzbiBjdWFuZG8gZ3Jhbml6YS4=
82	R3VsYQ==	Q3VhbmRvIHN1cyBQUyBzZSB2ZW4gcmVkdWNpZG9zIGEgbGEgbWl0YWQsIGVuZ3VsbGUKbGEgYmF5YSBxdWUgbm9ybWFsbWVudGUgc29sbyBzZSBjb21lcsOtYSBjdWFuZG8gbGUKcXVlZGFzZW4gcG9jb3MgUFMu
83	SXJhc2NpYmxl	U2kgcmVjaWJlIHVuIGdvbHBlIGNyw610aWNvLCBtb250YSBlbiBjw7NsZXJhIHkgc3ViZSBzdQpBdGFxdWUgaGFzdGEgZWwgbcOheGltby4=
84	TGl2aWFubw==	U3ViZSBsYSBWZWxvY2lkYWQgc2kgdXNhIG8gcGllcmRlIGVsIG9iamV0byBxdWUgbGxldmEu
85	SWduw61mdWdv	U3UgY3VlcnBvLCByZXNpc3RlbnRlIGFsIGNhbG9yLCByZWR1Y2UgYSBsYSBtaXRhZCBlbApkYcOxbyByZWNpYmlkbyBwb3IgbW92aW1pZW50b3MgZGUgdGlwbyBGdWVnby4=
86	U2ltcGxl	RHVwbGljYSBsb3MgY2FtYmlvcyBlbiBsYXMgY2FyYWN0ZXLDrXN0aWNhcy4=
87	UGllbCBTZWNh	UGllcmRlIFBTIHNpIGhhY2Ugc29sIHkgbG9zIHJlY3VwZXJhIHNpIGxsdWV2ZSBvIHJlY2liZQp1biBtb3ZpbWllbnRvIGRlIHRpcG8gQWd1YS4gTG9zIG1vdmltaWVudG9zIGRlIHRpcG8KRnVlZ28sIHBvciBzdSBwYXJ0ZSwgbGUgaGFjZW4gbcOhcyBkYcOxbyBkZSBsbyBub3JtYWwu
88	RGVzY2FyZ2E=	Q29tcGFyYSBsYSBEZWZlbnNhIHkgbGEgRGVmZW5zYSBFc3BlY2lhbCBkZWwgcml2YWwKcGFyYSB2ZXIgY3XDoWwgZXMgaW5mZXJpb3IgeSBhdW1lbnRhIHN1IHByb3BpbyBBdGFxdWUKbyBBdGFxdWUgRXNwZWNpYWwsIHNlZ8O6biBjb3JyZXNwb25kYS4=
89	UHXDsW8gRsOpcnJlbw==	QXVtZW50YSBsYSBwb3RlbmNpYSBkZSBsb3MgcHXDsWV0YXpvcy4=
90	QW50w61kb3Rv	U2kgZWwgUG9rw6ltb24gcmVzdWx0YSBlbnZlbmVuYWRvLCByZWN1cGVyYSBQUyBlbgp2ZXogZGUgcGVyZGVybG9zLg==
91	QWRhcHRhYmxl	UG90ZW5jaWEgYcO6biBtw6FzIGxvcyBtb3ZpbWllbnRvcyBjdXlvIHRpcG8gY29pbmNpZGEKY29uIGVsIGRlbCBQb2vDqW1vbi4=
92	RW5jYWRlbmFkbw==	TG9zIG1vdmltaWVudG9zIG3Dumx0aXBsZXMgc2UgZWplY3V0YXLDoW4gc2llbXByZSBjb24KZWwgbsO6bWVybyBtw6F4aW1vIGRlIGdvbHBlcy4=
93	SGlkcmF0YWNpw7Nu	Q3VyYSBsb3MgcHJvYmxlbWFzIGRlIGVzdGFkbyBzaSBlc3TDoSBsbG92aWVuZG8u
94	UG9kZXIgU29sYXI=	U2kgaGFjZSBzb2wsIGF1bWVudGEgc3UgQXRhcXVlIEVzcGVjaWFsLCBwZXJvCnBpZXJkZSBQUyBlbiBjYWRhIHR1cm5vLg==
95	UGllcyBSw6FwaWRvcw==	QXVtZW50YSBsYSBWZWxvY2lkYWQgc2kgc3VmcmUgcHJvYmxlbWFzIGRlIGVzdGFkby4=
96	Tm9ybWFsaWRhZA==	VG9kb3MgbG9zIG1vdmltaWVudG9zIHNlIHZ1ZWx2ZW4gZGUgdGlwbyBOb3JtYWwgeQphdW1lbnRhbiBsaWdlcmFtZW50ZSBzdSBwb3RlbmNpYS4=
97	RnJhbmNvdGlyYWRvcg==	UG90ZW5jaWEgbG9zIGdvbHBlcyBjcsOtdGljb3MgYcO6biBtw6FzIGRlIGxvIG5vcm1hbC4=
98	TXVybyBNw6FnaWNv	RWwgUG9rw6ltb24gc29sbyByZWNpYmUgZGHDsW8gZGUgYXRhcXVlcy4=
99	SW5kZWZlbnNv	QWwgcXVlZGFyIGFtYm9zIGV4cHVlc3RvcywgdGFudG8gbG9zIG1vdmltaWVudG9zCmRlbCBQb2vDqW1vbiBjb21vIGxvcyBkZWwgcml2YWwgYWNlcnRhcsOhbiBzaWVtcHJlLg==
100	UmV6YWdhZG8=	RWwgUG9rw6ltb24gZWplY3V0YSBzdSBtb3ZpbWllbnRvIHRyYXMgdG9kb3MgbG9zCmRlbcOhcy4=
101	RXhwZXJ0bw==	UG90ZW5jaWEgbG9zIG1vdmltaWVudG9zIG3DoXMgZMOpYmlsZXMgZGVsIFBva8OpbW9uLg==
102	RGVmZW5zYSBIb2ph	RXZpdGEgbG9zIHByb2JsZW1hcyBkZSBlc3RhZG8gc2kgaGFjZSBzb2wu
103	Wm9xdWV0ZQ==	RWwgUG9rw6ltb24gbm8gcHVlZGUgdXNhciBvYmpldG9zIGVxdWlwYWRvcy4=
104	Um9tcGVtb2xkZXM=	TGFzIGhhYmlsaWRhZGVzIGRlbCBvYmpldGl2byBubyBhZmVjdGFuIGEgbG9zCm1vdmltaWVudG9zIGVtcGxlYWRvcy4=
105	QWZvcnR1bmFkbw==	U3UgYnVlbmEgc3VlcnRlIGF1bWVudGEgbGEgcHJvYmFiaWxpZGFkIGRlIGFzZXN0YXIKZ29scGVzIGNyw610aWNvcy4=
106	RGV0b25hY2nDs24=	RGHDsWEgYWwgYWdyZXNvciBxdWUgbGUgaGEgZGFkbyBlbCBnb2xwZSBkZSBncmFjaWEKY29uIHVuIG1vdmltaWVudG8gZGUgY29udGFjdG8u
107	QW50aWNpcGFjacOzbg==	UHJldsOpIGxvcyBtb3ZpbWllbnRvcyBwZWxpZ3Jvc29zIGRlbCByaXZhbC4=
108	QWxlcnRh	RGV0ZXJtaW5hIGVsIG1vdmltaWVudG8gbcOhcyBwb3RlbnRlIGRlbCByaXZhbCBhbAplbnRyYXIgZW4gY29tYmF0ZS4=
109	SWdub3JhbnRl	UGFzYSBwb3IgYWx0byBsYXMgbWVqb3JhcyBlbiBsYXMgY2FyYWN0ZXLDrXN0aWNhcyBkZWwKcml2YWwgYWwgYXRhY2FyLg==
110	Q3JvbW9sZW50ZQ==	UG90ZW5jaWEgbG9zIG1vdmltaWVudG9zIHF1ZSBubyBzb24gbXV5IGVmaWNhY2VzLg==
111	RmlsdHJv	TWl0aWdhIGVsIGRhw7FvIHF1ZSBsZSBpbmZsaWdlbiBsb3MgbW92aW1pZW50b3MKc3VwZXJlZmljYWNlcy4=
112	SW5pY2lvIExlbnRv	QmFqYSBhIGxhIG1pdGFkIGVsIEF0YXF1ZSB5IGxhIFZlbG9jaWRhZCBkdXJhbnRlCmNpbmNvIHR1cm5vcy4=
113	SW50csOpcGlkbw==	TG9zIG1vdmltaWVudG9zIGRlIHRpcG8gTm9ybWFsIG8gTHVjaGEgYWxjYW56YW4gYQpsb3MgUG9rw6ltb24gZGUgdGlwbyBGYW50YXNtYS4=
114	Q29sZWN0b3I=	QWRlbcOhcyBkZSBhdHJhZXIgeSBuZXV0cmFsaXphciBsb3MgbW92aW1pZW50b3MgZGUKdGlwbyBBZ3VhLCBzdWJlIGVsIEF0YXF1ZSBFc3BlY2lhbC4=
115	R8OpbGlkbw==	UmVjdXBlcmEgUFMgZGUgZm9ybWEgZ3JhZHVhbCBjdWFuZG8gaGF5IHRvcm1lbnRhcwpkZSBncmFuaXpvLg==
116	Um9jYSBTw7NsaWRh	TWl0aWdhIGVsIGRhw7FvIHF1ZSBsZSBpbmZsaWdlbiBsb3MgbW92aW1pZW50b3MKc3VwZXJlZmljYWNlcy4=
117	TmV2YWRh	RWwgUG9rw6ltb24gaW52b2NhIHVuYSB0b3JtZW50YSBkZSBncmFuaXpvIGFsIGVudHJhcgplbiBjb21iYXRlLg==
118	UmVjb2dlbWllbA==	RXMgcG9zaWJsZSBxdWUgZWwgUG9rw6ltb24gZW5jdWVudHJlIE1pZWwgdW5hCnZleiBjb25jbHVpZG8gZWwgY29tYmF0ZS4=
119	Q2FjaGVv	RWwgUG9rw6ltb24gcHVlZGUgdmVyIGVsIG9iamV0byBxdWUgbGxldmEgZWwgcml2YWwgYWwKZW50cmFyIGVuIGNvbWJhdGUu
120	QXVkYXo=	UG90ZW5jaWEgbG9zIG1vdmltaWVudG9zIHF1ZSB0YW1iacOpbiBkYcOxYW4gYWwKdXN1YXJpby4=
121	TXVsdGl0aXBv	Q2FtYmlhIGVsIHRpcG8gZGVsIFBva8OpbW9uIGFsIGRlIGxhIHRhYmxhIG8gYWwgZGVsCkNyaXN0YWwgWiBxdWUgbGxldmUu
122	RG9uIEZsb3JhbA==	QXVtZW50YSBlbCBBdGFxdWUgeSBsYSBEZWZlbnNhIEVzcGVjaWFsIGRlIHRvZG9zCmxvcyBQb2vDqW1vbiBkZWwgZXF1aXBvIHNpIGhhY2Ugc29sLg==
123	TWFsIFN1ZcOxbw==	SW5mbGlnZSBkYcOxbyBhIGN1YWxxdWllciByaXZhbCBxdWUgZXN0w6kgZG9ybWlkby4=
124	SHVydG8=	U2kgZWwgcml2YWwgdXNhIHVuIG1vdmltaWVudG8gZGUgY29udGFjdG8gYWwgYXRhY2FyLApsZSByb2JhIGVsIG9iamV0by4=
125	UG90ZW5jaWEgQnJ1dGE=	U3ViZSBsYSBwb3RlbmNpYSBkZSBsb3MgbW92aW1pZW50b3MgZW4gZGV0cmltZW50bwpkZSBsb3MgZWZlY3RvcyBzZWN1bmRhcmlvcywgcXVlIHNlIHZlbiBhbnVsYWRvcy4=
126	UmVzcG9uZMOzbg==	SW52aWVydGUgbG9zIGNhbWJpb3MgZW4gbGFzIGNhcmFjdGVyw61zdGljYXM6IGJhamFuCmN1YW5kbyBsZXMgdG9jYSBzdWJpciB5IHN1YmVuIGN1YW5kbyBsZXMgdG9jYSBiYWphci4=
127	TmVydmlvc2lzbW8=	UG9uZSBuZXJ2aW9zbyBhbCByaXZhbCB5IGxlIGltcGlkZSB1c2FyIGJheWFzLg==
128	Q29tcGV0aXRpdm8=	U3ViZSBtdWNobyBlbCBBdGFxdWUgY3VhbmRvIGVsIHJpdmFsIGxlIGJhamEgbGFzCmNhcmFjdGVyw61zdGljYXMu
129	RmxhcXVlemE=	U2UgZGViaWxpdGEgdGFudG8gY3VhbmRvIHN1cyBQUyBzZSB2ZW4gcmVkdWNpZG9zIGEgbGEKbWl0YWQgcXVlIHN1IEF0YXF1ZSB5IHN1IEF0YXF1ZSBFc3BlY2lhbCBiYWphbi4=
130	Q3VlcnBvIE1hbGRpdG8=	UHVlZGUgYW51bGFyIGVsIG1vdmltaWVudG8gdXNhZG8gZW4gc3UgY29udHJhLg==
131	QWxtYSBDdXJh	QSB2ZWNlcyBjdXJhIGxvcyBwcm9ibGVtYXMgZGUgZXN0YWRvIGRlIHVuIGFsaWFkby4=
132	Q29tcGllc2NvbHRh	UmVkdWNlIGVsIGRhw7FvIHF1ZSBzdWZyZW4gbG9zIGFsaWFkb3Mu
133	QXJtYWR1cmEgRnLDoWdpbA==	QWwgcmVjaWJpciBkYcOxbyBwb3IgdW4gYXRhcXVlIGbDrXNpY28sIGJhamEgbGEgRGVmZW5zYSwKcGVybyBzdWJlIG11Y2hvIGxhIFZlbG9jaWRhZCBkZWwgUG9rw6ltb24u
134	TWV0YWwgUGVzYWRv	RHVwbGljYSBlbCBwZXNvIGRlbCBQb2vDqW1vbi4=
135	TWV0YWwgTGl2aWFubw==	UmVkdWNlIGEgbGEgbWl0YWQgZWwgcGVzbyBkZWwgUG9rw6ltb24u
136	TXVsdGllc2NhbWFz	UmVkdWNlIGVsIGRhw7FvIHN1ZnJpZG8gc2kgbG9zIFBTIGVzdMOhbiBhbCBtw6F4aW1vLg==
137	w41tcGV0dSBUw7N4aWNv	QXVtZW50YSBsYSBwb3RlbmNpYSBkZSBsb3MgYXRhcXVlcyBmw61zaWNvcyBjdWFuZG8KZWwgUG9rw6ltb24gZXN0w6EgZW52ZW5lbmFkby4=
138	w41tcGV0dSBBcmRpZW50ZQ==	QXVtZW50YSBsYSBwb3RlbmNpYSBkZSBsb3MgYXRhcXVlcyBlc3BlY2lhbGVzCmN1YW5kbyBlbCBQb2vDqW1vbiBzdWZyZSBxdWVtYWR1cmFzLg==
139	Q29zZWNoYQ==	UGVybWl0ZSByZXV0aWxpemFyIHZhcmlhcyB2ZWNlcyB1bmEgbWlzbWEgYmF5YS4=
140	VGVsZXBhdMOtYQ==	RWx1ZGUgbG9zIGF0YXF1ZXMgZGUgbG9zIGFsaWFkb3MgZHVyYW50ZSBlbCBjb21iYXRlLg==
141	VmVsZXRh	Q2FkYSB0dXJubyBzdWJlIG11Y2hvIHVuYSBjYXJhY3RlcsOtc3RpY2EsIHBlcm8KYmFqYSBvdHJhLg==
142	RnVuZGE=	UHJvdGVnZSBhbCBQb2vDqW1vbiBkZSBsYXMgdG9ybWVudGFzIGRlIGFyZW5hLCBlbApncmFuaXpvIHkgbG9zIG1vdmltaWVudG9zIGNvbiBwb2x2b3Mu
143	VG9xdWUgVMOzeGljbw==	UHVlZGUgZW52ZW5lbmFyIGFsIG9iamV0aXZvIGNvbiBzb2xvIHRvY2FybG8u
144	UmVnZW5lcmFjacOzbg==	UmVjdXBlcmEgdW5vcyBwb2NvcyBQUyBhbCBjYW1iaWFyIGRlIFBva8OpbW9uLg==
145	U2FjYXBlY2hv	SW1waWRlIHF1ZSBlbCByaXZhbCBiYWplIGxhIERlZmVuc2EgZGVsIFBva8OpbW9uLg==
146	w41tcGV0dSBBcmVuYQ==	QXVtZW50YSBsYSBWZWxvY2lkYWQgZHVyYW50ZSBsYXMgdG9ybWVudGFzIGRlCmFyZW5hLg==
147	UGllbCBNaWxhZ3Jv	T2ZyZWNlIHVuYSBtYXlvciByZXNpc3RlbmNpYSBhbnRlIGxvcyBhdGFxdWVzIGRlCmVzdGFkby4=
148	Q8OhbGN1bG8gRmluYWw=	QXVtZW50YSBsYSBwb3RlbmNpYSBkZWwgbW92aW1pZW50byBzaSBlcyBlbCDDumx0aW1vIGVuCmF0YWNhci4=
149	SWx1c2nDs24=	QWRvcHRhIGVsIGFzcGVjdG8gZGVsIMO6bHRpbW8gUG9rw6ltb24gZGVsIGVxdWlwbyBhbAplbnRyYXIgZW4gY29tYmF0ZSBwYXJhIGRlc2NvbmNlcnRhciBhbCByaXZhbC4=
150	SW1wb3N0b3I=	RWwgUG9rw6ltb24gc2UgdHJhbnNmb3JtYSBlbiBlbCBxdWUgdGllbmUgZW5mcmVudGUu
151	QWxsYW5hbWllbnRv	QXRhY2Egcm9kZWFuZG8gbGEgYmFycmVyYSBvIGVsIHN1c3RpdHV0byBkZWwgcml2YWwu
152	TW9taWE=	Q29udGFnaWEgbGEgaGFiaWxpZGFkIE1vbWlhIGFsIHJpdmFsIHF1ZSBlbnRyZSBlbgpjb250YWN0byBjb24gw6lsLg==
153	QXV0b2VzdGltYQ==	QWwgZGViaWxpdGFyIGEgdW4gb2JqZXRpdm8sIHN1IGNvbmZpYW56YSBzZSByZWZ1ZXJ6YQpkZSB0YWwgbWFuZXJhIHF1ZSBhdW1lbnRhIGVsIEF0YXF1ZS4=
154	SnVzdGljaWVybw==	U2kgbGUgYWxjYW56YSB1biBtb3ZpbWllbnRvIGRlIHRpcG8gU2luaWVzdHJvLAphdW1lbnRhIGVsIEF0YXF1ZSBkZWJpZG8gYSBzdSBpbnRlZ3JpZGFkLg==
155	Q29iYXJkw61h	U2kgbGUgYWxjYW56YSB1biBtb3ZpbWllbnRvIGRlIHRpcG8gU2luaWVzdHJvLCBCaWNobyBvCkZhbnRhc21hLCBlbCBtaWVkbyBoYWNlIHF1ZSBsZSBzdWJhIGxhIFZlbG9jaWRhZC4=
156	RXNwZWpvIE3DoWdpY28=	UGVybWl0ZSBkZXZvbHZlciBsb3MgYXRhcXVlcyBkZSBlc3RhZG8gbGFuemFkb3MgcG9yCmVsIHJpdmFsLCBzaW4gdmVyc2UgYWZlY3RhZG8gcG9yIGVsbG9zLg==
157	SGVyYsOtdm9ybw==	TmV1dHJhbGl6YSBsb3MgbW92aW1pZW50b3MgZGUgdGlwbyBQbGFudGEgeSBzdWJlIGVsCkF0YXF1ZS4=
158	QnJvbWlzdGE=	UGVybWl0ZSBsYW56YXIgYXRhcXVlcyBkZSBlc3RhZG8gZW4gcHJpbWVyIGx1Z2FyLg==
159	UG9kZXIgQXJlbmE=	UG90ZW5jaWEgbG9zIG1vdmltaWVudG9zIGRlIHRpcG8gVGllcnJhLCBBY2VybyB5ClJvY2EgZHVyYW50ZSBsYXMgdG9ybWVudGFzIGRlIGFyZW5hLg==
160	UHVudGEgQWNlcm8=	SW5mbGlnZSBkYcOxbyBhbCByaXZhbCBzaSBlc3RlIGdvbHBlYSBhbCBQb2vDqW1vbiBjb24gdW4KbW92aW1pZW50byBkZSBjb250YWN0by4=
161	TW9kbyBEYXJ1bWE=	Q2FtYmlhIGRlIGZvcm1hIHNpIHN1cyBQUyBzZSB2ZW4gcmVkdWNpZG9zIGEgbGEKbWl0YWQu
162	VGlub3ZpY3Rvcmlh	U3ViZSBsYSBQcmVjaXNpw7NuIGRlIHRvZG8gZWwgZXF1aXBvLg==
163	VHVyYm9sbGFtYQ==	TGFzIGhhYmlsaWRhZGVzIGRlbCBvYmpldGl2byBubyBhZmVjdGFuIGEgbG9zCm1vdmltaWVudG9zIGVtcGxlYWRvcy4=
164	VGVycmF2b2x0YWpl	TGFzIGhhYmlsaWRhZGVzIGRlbCBvYmpldGl2byBubyBhZmVjdGFuIGEgbG9zCm1vdmltaWVudG9zIGVtcGxlYWRvcy4=
165	VmVsbyBBcm9tYQ==	UHJvdGVnZSBhIHRvZG8gZWwgZXF1aXBvIGRlIGF0YXF1ZXMgcXVlIGltcGlkZW4KZWxlZ2lyIG1vdmltaWVudG9zLg==
166	VmVsbyBGbG9y	RXZpdGEgcXVlIGxvcyBQb2vDqW1vbiBkZSB0aXBvIFBsYW50YSBhbGlhZG9zCnN1ZnJhbiBwcm9ibGVtYXMgZGUgZXN0YWRvIG8gcXVlIGJhamVuIHN1cwpjYXJhY3RlcsOtc3RpY2FzLg==
167	Q2FycmlsbG8=	UmVjdXBlcmEgUFMgYWwgY29tZXIgY3VhbHF1aWVyIGJheWEu
168	TXV0YXRpcG8=	Q2FtYmlhIHN1IHRpcG8gYWwgZGVsIG1vdmltaWVudG8gcXVlIHZhIGEgdXNhci4=
169	UGVsYWplIFJlY2lv	UmVkdWNlIGEgbGEgbWl0YWQgZWwgZGHDsW8gcmVjaWJpZG8gcG9yIGF0YXF1ZXMKZsOtc2ljb3MgZGVsIHJpdmFsLg==
170	UHJlc3RpZGlnaXRhZG9y	Um9iYSBlbCBvYmpldG8gZGVsIFBva8OpbW9uIGFsIHF1ZSBhbGNhbmNlIGNvbiB1bgptb3ZpbWllbnRvLg==
171	QW50aWJhbGFz	Tm8gbGUgYWZlY3RhbiBsYXMgYm9tYmFzIG5pIGFsZ3Vub3MgcHJveWVjdGlsZXMu
172	VGVuYWNpZGFk	QXVtZW50YSBtdWNobyBzdSBBdGFxdWUgRXNwZWNpYWwgY3VhbmRvIGVsIHJpdmFsCmxlIGJhamEgY3VhbHF1aWVyYSBkZSBzdXMgY2FyYWN0ZXLDrXN0aWNhcy4=
173	TWFuZMOtYnVsYSBGdWVydGU=	U3Ugcm9idXN0YSBtYW5kw61idWxhIGxlIGNvbmZpZXJlIHVuYSBtb3JkZWR1cmEKcG90ZW50ZS4=
174	UGllbCBIZWxhZGE=	Q29udmllcnRlIGxvcyBtb3ZpbWllbnRvcyBkZSB0aXBvIE5vcm1hbCBlbiB0aXBvCkhpZWxvIHkgYXVtZW50YSBsaWdlcmFtZW50ZSBzdSBwb3RlbmNpYS4=
175	VmVsbyBEdWxjZQ==	RXZpdGEgcXVlIGVsIGVxdWlwbyBQb2vDqW1vbiBzZSBkdWVybWEu
176	Q2FtYmlvIFTDoWN0aWNv	QWRvcHRhIGxhIEZvcm1hIEZpbG8gYWwgbGFuemFyIHVuIGF0YXF1ZSwgbyBiaWVuIGxhCkZvcm1hIEVzY3VkbyBzaSB1c2EgZWwgbW92aW1pZW50byBFc2N1ZG8gUmVhbC4=
177	QWxhcyBWZW5kYXZhbA==	RGEgcHJpb3JpZGFkIGEgbG9zIG1vdmltaWVudG9zIGRlIHRpcG8gVm9sYWRvciBzaSBsb3MKUFMgZXN0w6FuIGFsIG3DoXhpbW8u
178	TWVnYWRpc3BhcmFkb3I=	QXVtZW50YSBsYSBwb3RlbmNpYSBkZSBhbGd1bm9zIG1vdmltaWVudG9zIGRlCnB1bHNvcyB5IGF1cmFzLg==
179	TWFudG8gRnJvbmRvc28=	QXVtZW50YSBsYSBEZWZlbnNhIHNpIGhheSB1biBjYW1wbyBkZSBoaWVyYmEgZW4gZWwKdGVycmVubyBkZSBjb21iYXRlLg==
180	U2ltYmlvc2lz	RWwgUG9rw6ltb24gcGFzYSBzdSBvYmpldG8gYSB1biBhbGlhZG8gcXVlIHlhIGhheWEKdXRpbGl6YWRvIGVsIHN1eW8u
181	R2FycmEgRHVyYQ==	QXVtZW50YSBsYSBwb3RlbmNpYSBkZSBsb3MgbW92aW1pZW50b3MgZGUgY29udGFjdG8u
182	UGllbCBGZcOpcmljYQ==	Q29udmllcnRlIGxvcyBtb3ZpbWllbnRvcyBkZSB0aXBvIE5vcm1hbCBlbiB0aXBvCkhhZGEgeSBhdW1lbnRhIGxpZ2VyYW1lbnRlIHN1IHBvdGVuY2lhLg==
183	QmFiYQ==	QmFqYSBsYSBWZWxvY2lkYWQgZGVsIHJpdmFsIGN1YW5kbyBlc3RlIGF0YWNhCmFsIFBva8OpbW9uIGNvbiB1biBtb3ZpbWllbnRvIGRlIGNvbnRhY3RvLg==
184	UGllbCBDZWxlc3Rl	Q29udmllcnRlIGxvcyBtb3ZpbWllbnRvcyBkZSB0aXBvIE5vcm1hbCBlbiB0aXBvClZvbGFkb3IgeSBhdW1lbnRhIGxpZ2VyYW1lbnRlIHN1IHBvdGVuY2lhLg==
185	QW1vciBGaWxpYWw=	QXRhcXVlIGRvYmxlIGVuIGZhbWlsaWEu
186	QXVyYSBPc2N1cmE=	QXVtZW50YSBsYSBwb3RlbmNpYSBkZSB0b2RvcyBsb3MgbW92aW1pZW50b3MgZGUKdGlwbyBTaW5pZXN0cm8u
187	QXVyYSBGZcOpcmljYQ==	QXVtZW50YSBsYSBwb3RlbmNpYSBkZSB0b2RvcyBsb3MgbW92aW1pZW50b3MgZGUKdGlwbyBIYWRhLg==
188	Um9tcGVhdXJh	SW52aWVydGUgbG9zIGVmZWN0b3MgZGUgbGFzIGF1cmFzLCBwb3IgbG8gcXVlIGJhamEgbGEKcG90ZW5jaWEgZGUgY2llcnRvcyBtb3ZpbWllbnRvcyBlbiB2ZXogZGUgc3ViaXJsYS4=
189	TWFyIGRlbCBBbGJvcg==	QWx0ZXJhIGVsIGNsaW1hIHBhcmEgYW51bGFyIGxvcyBhdGFxdWVzIGRlIHRpcG8gRnVlZ28u
190	VGllcnJhIGRlbCBPY2Fzbw==	QWx0ZXJhIGVsIGNsaW1hIHBhcmEgYW51bGFyIGxvcyBhdGFxdWVzIGRlIHRpcG8gQWd1YS4=
191	UsOhZmFnYSBEZWx0YQ==	QWx0ZXJhIGVsIGNsaW1hIHBhcmEgYW51bGFyIGxhcyB2dWxuZXJhYmlsaWRhZGVzIGRlbAp0aXBvIFZvbGFkb3Iu
192	RmlybWV6YQ==	QXVtZW50YSBsYSBEZWZlbnNhIGFsIHJlY2liaXIgdW4gYXRhcXVlIGbDrXNpY28u
193	SHVpZGE=	U2UgYXN1c3RhIHkgYWJhbmRvbmEgZWwgdGVycmVubyBkZSBjb21iYXRlIGN1YW5kbwpzdXMgUFMgc2UgdmVuIHJlZHVjaWRvcyBhIGxhIG1pdGFkLg==
194	UmV0aXJhZGE=	QWJhbmRvbmEgZWwgdGVycmVubyBkZSBjb21iYXRlIGN1YW5kbyBzdXMgUFMgc2UKdmVuIHJlZHVjaWRvcyBhIGxhIG1pdGFkIHBhcmEgZXZpdGFyIG1hbGVzIG1heW9yZXMu
195	SGlkcm9ycmVmdWVyem8=	QXVtZW50YSBtdWNobyBsYSBEZWZlbnNhIHNpIGxlIGFsY2FuemEgdW4KbW92aW1pZW50byBkZSB0aXBvIEFndWEu
196	RW5zYcOxYW1pZW50bw==	SGFjZSBxdWUgbG9zIG1vdmltaWVudG9zIGFzZXN0ZW4gc2llbXByZSB1biBnb2xwZQpjcsOtdGljbyBzaSBlbCByaXZhbCBlc3TDoSBlbnZlbmVuYWRvLg==
197	RXNjdWRvIExpbWl0YWRv	Um9tcGUgc3UgY29yYXphIGN1YW5kbyBzdXMgUFMgc2UgdmVuIHJlZHVjaWRvcyBhCmxhIG1pdGFkIHkgYWRvcHRhIHVuYSBmb3JtYSBvZmVuc2l2YS4=
198	VmlnaWxhbnRl	RHVwbGljYSBlbCBkYcOxbyBpbmZsaWdpZG8gYSB1biBQb2vDqW1vbiBxdWUgc2UgaGF5YQppbmNvcnBvcmFkbyBhbCBjb21iYXRlIG1lZGlhbnRlIHVuIGNhbWJpby4=
199	UG9tcGE=	UmVkdWNlIGVsIGRhw7FvIHF1ZSBsZSBwcm92b2NhbiBsb3MgbW92aW1pZW50b3MgZGUKdGlwbyBGdWVnbyBlIGltcGlkZSBxdWUgc3VmcmEgcXVlbWFkdXJhcy4=
200	QWNlcm8gVGVtcGxhZG8=	UG90ZW5jaWEgbG9zIG1vdmltaWVudG9zIGRlIHRpcG8gQWNlcm8u
201	Q8OzbGVyYQ==	QXVtZW50YSBlbCBBdGFxdWUgRXNwZWNpYWwgc2kgbG9zIGF0YXF1ZXMgZGVsCm9wb25lbnRlIGxlIHJlZHVjZW4gbG9zIFBTIGEgbGEgbWl0YWQu
202	UXVpdGFuaWV2ZXM=	QXVtZW50YSBzdSBWZWxvY2lkYWQgc2kgZXN0w6EgZ3Jhbml6YW5kby4=
203	UmVtb3Rv	UGVybWl0ZSB1c2FyIGN1YWxxdWllciBtb3ZpbWllbnRvIHNpbiBlbnRyYXIgZW4KY29udGFjdG8gY29uIGVsIHJpdmFsLg==
204	Vm96IEZsdWlkYQ==	SGFjZSBxdWUgdG9kb3MgbG9zIG1vdmltaWVudG9zIGRlbCBQb2vDqW1vbgpiYXNhZG9zIGVuIHNvbmlkbyBwYXNlbiBhIHNlciBkZSB0aXBvIEFndWEu
205	UHJpbWVyIEF1eGlsaW8=	RGEgcHJpb3JpZGFkIGEgbG9zIG1vdmltaWVudG9zIHF1ZSBjdXJhbiBQUwpkaXJlY3RhbWVudGUgYWwgUG9rw6ltb24u
206	UGllbCBFbMOpY3RyaWNh	Q29udmllcnRlIGxvcyBtb3ZpbWllbnRvcyBkZSB0aXBvIE5vcm1hbCBlbiB0aXBvCkVsw6ljdHJpY28geSBhdW1lbnRhIGxpZ2VyYW1lbnRlIHN1IHBvdGVuY2lhLg==
207	Q29sYSBTdXJm	RHVwbGljYSBsYSBWZWxvY2lkYWQgc2kgaGF5IHVuIGNhbXBvIGVsw6ljdHJpY28gZW4gZWwKdGVycmVubyBkZSBjb21iYXRlLg==
208	QmFuY28=	Rm9ybWEgYmFuY29zIGNvbiBzdXMgY29uZ8OpbmVyZXMgY3VhbmRvIHRpZW5lCm11Y2hvcyBQUywgbG8gY3VhbCBsZSBvdG9yZ2EgbcOhcyBmdWVyemEuIEN1YW5kbyBsZQpxdWVkYW4gcG9jb3MgUFMsIGVsIGJhbmNvIHNlIGRpc3BlcnNhLg==
209	RGlzZnJheg==	UGVybWl0ZSBlbHVkaXIgdW4gw7puaWNvIGF0YXF1ZSB2YWxpw6luZG9zZSBkZSBsYQp0ZWxhIHF1ZSBsZSBjdWJyZSBlbCBjdWVycG8u
210	RnVlcnRlIEFmZWN0bw==	QWwgZGVycm90YXIgYSB1biByaXZhbCwgbG9zIHbDrW5jdWxvcyBjb24gc3UgRW50cmVuYWRvcgpzZSByZWZ1ZXJ6YW4geSBzZSBjb252aWVydGUgZW4gR3JlbmluamEgQXNoLiBTdQpTaHVyaWtlbiBkZSBBZ3VhIHRhbWJpw6luIHNlIHZlIHBvdGVuY2lhZG8u
211	QWdydXBhbWllbnRv	Q3VhbmRvIHN1cyBQUyBzZSB2ZW4gcmVkdWNpZG9zIGEgbGEgbWl0YWQsIGxhcwpjw6lsdWxhcyBzZSByZWFncnVwYW4geSBhZG9wdGEgc3UgRm9ybWEgQ29tcGxldGEu
212	Q29ycm9zacOzbg==	UGVybWl0ZSBlbnZlbmVuYXIgaW5jbHVzbyBhIHJpdmFsZXMgZGUgdGlwbyBBY2VybyBvClZlbmVuby4=
213	TGV0YXJnbyBQZXJlbm5l	Tm8gZGVzcGllcnRhIGphbcOhcyBkZSBzdSBwcm9mdW5kbyBsZXRhcmdvCmUgaW5jbHVzbyBhdGFjYSBkb3JtaWRvLg==
214	UmVnaWEgUHJlc2VuY2lh	SW50aW1pZGEgYWwgcml2YWwgeSBsZSBpbXBpZGUgdXNhciBtb3ZpbWllbnRvcyBjb24KcHJpb3JpZGFkIGRpcmlnaWRvcyBhbCBQb2vDqW1vbi4=
215	UmV2w6lz	QWwgY2FlciBkZWJpbGl0YWRvLCBpbmZsaWdlIGFsIHJpdmFsIHVuIGRhw7FvIGVxdWl2YWxlbnRlCmEgbG9zIFBTIHF1ZSBsZSBxdWVkYXJhbi4=
216	UGFyZWphIGRlIEJhaWxl	UGVybWl0ZSBjb3BpYXIgaW5tZWRpYXRhbWVudGUgY3VhbHF1aWVyIG1vdmltaWVudG8KZGUgYmFpbGUgcXVlIGhheWEgdXNhZG8gb3RybyBQb2vDqW1vbiBwcmVzZW50ZSBlbgplbCBjb21iYXRlLg==
217	QmF0ZXLDrWE=	UG90ZW5jaWEgbG9zIG1vdmltaWVudG9zIGVzcGVjaWFsZXMgZGUgbG9zIGFsaWFkb3Mu
218	UGVsdWNoZQ==	UmVkdWNlIGEgbGEgbWl0YWQgZWwgZGHDsW8gcHJvdm9jYWRvIHBvciBsb3MKbW92aW1pZW50b3MgZGUgY29udGFjdG8sIHBlcm8gZHVwbGljYSBlbCBpbmZsaWdpZG8KcG9yIGxvcyBkZSB0aXBvIEZ1ZWdvLg==
219	Q3VlcnBvIFbDrXZpZG8=	RGVzY29uY2llcnRhIGFsIHJpdmFsIHkgbGUgaW1waWRlIHV0aWxpemFyIG1vdmltaWVudG9zCmNvbiBwcmlvcmlkYWQgY29udHJhIGVsIHVzdWFyaW8u
220	Q29yw6FuaW1h	QXVtZW50YSBlbCBBdGFxdWUgRXNwZWNpYWwgY2FkYSB2ZXogcXVlIHVuClBva8OpbW9uIGNhZSBkZWJpbGl0YWRvLg==
221	Uml6b3MgUmViZWxkZXM=	QmFqYSBsYSBWZWxvY2lkYWQgZGVsIHJpdmFsIGN1YW5kbyBlc3RlIGF0YWNhCmFsIFBva8OpbW9uIGNvbiB1biBtb3ZpbWllbnRvIGRlIGNvbnRhY3RvLg==
222	UmVjZXB0b3I=	QWRxdWllcmUgbGEgaGFiaWxpZGFkIGRlIHVuIGFsaWFkbyBkZWJpbGl0YWRvLg==
223	UmVhY2Npw7NuIFF1w61taWNh	UmVhY2Npb25hIGNvcGlhbmRvIGxhIGhhYmlsaWRhZCBkZSB1biBhbGlhZG8KZGViaWxpdGFkby4=
224	VWx0cmFpbXB1bHNv	U2kgZWwgUG9rw6ltb24gZGVycm90YSBhIHVuIHJpdmFsIGVuIGVzZSB0dXJubywKYXVtZW50YSBzdSBjYXJhY3RlcsOtc3RpY2EgbcOhcyBmdWVydGUu
225	U2lzdGVtYSBBbGZh	Q2FtYmlhIHN1IHRpcG8gc2Vnw7puIGVsIGRpc2NvIHF1ZSBsbGV2ZSBpbnN0YWxhZG8u
226	RWxlY3Ryb2fDqW5lc2lz	Q3JlYSB1biBjYW1wbyBlbMOpY3RyaWNvIGFsIGVudHJhciBlbiBjb21iYXRlLg==
227	UHNpY29nw6luZXNpcw==	Q3JlYSB1biBjYW1wbyBwc8OtcXVpY28gYWwgZW50cmFyIGVuIGNvbWJhdGUu
228	TmVidWxvZ8OpbmVzaXM=	Q3JlYSB1biBjYW1wbyBkZSBuaWVibGEgYWwgZW50cmFyIGVuIGNvbWJhdGUu
229	SGVyYm9nw6luZXNpcw==	Q3JlYSB1biBjYW1wbyBkZSBoaWVyYmEgYWwgZW50cmFyIGVuIGNvbWJhdGUu
230	R3VhcmRpYSBNZXTDoWxpY2E=	RXZpdGEgcXVlIGJhamVuIHN1cyBjYXJhY3RlcsOtc3RpY2FzIGEgY2F1c2EgZGUKbW92aW1pZW50b3MgbyBoYWJpbGlkYWRlcyBkZSBvdHJvcyBQb2vDqW1vbi4=
231	R3VhcmRpYSBFc3BlY3Rybw==	UmVkdWNlIGVsIGRhw7FvIHN1ZnJpZG8gc2kgbG9zIFBTIGVzdMOhbiBhbCBtw6F4aW1vLg==
232	QXJtYWR1cmEgUHJpc21h	TWl0aWdhIGVsIGRhw7FvIHF1ZSBsZSBpbmZsaWdlbiBsb3MgbW92aW1pZW50b3MKc3VwZXJlZmljYWNlcy4=
233	RnVlcnphIENlcmVicmFs	UG90ZW5jaWEgbG9zIGF0YXF1ZXMgc3VwZXJlZmljYWNlcy4=
